Census_OSVersion,Census_OSVersion
10.0.10240.16384,646
10.0.10240.16387,2
10.0.10240.16393,1
10.0.10240.16397,26
10.0.10240.16405,138
10.0.10240.16413,67
10.0.10240.16430,16
10.0.10240.16445,23
10.0.10240.16463,34
10.0.10240.16487,196
10.0.10240.16500,2
10.0.10240.16520,37
10.0.10240.16549,8
10.0.10240.16566,3
10.0.10240.16590,16
10.0.10240.16601,16
10.0.10240.16644,14
10.0.10240.16683,12
10.0.10240.16725,21
10.0.10240.16771,15
10.0.10240.16854,19
10.0.10240.16942,26
10.0.10240.17024,34
10.0.10240.17071,75
10.0.10240.17113,17
10.0.10240.17146,45
10.0.10240.17190,21
10.0.10240.17202,21
10.0.10240.17236,75
10.0.10240.17319,43
10.0.10240.17354,34
10.0.10240.17394,55
10.0.10240.17443,8445
10.0.10240.17533,1
10.0.10240.17609,1
10.0.10240.17643,3
10.0.10240.17673,2
10.0.10240.17709,5
10.0.10240.17738,5
10.0.10240.17770,6
10.0.10240.17797,12
10.0.10240.17831,13
10.0.10240.17861,29
10.0.10240.17889,81
10.0.10240.17914,78
10.0.10240.17918,21
10.0.10240.17946,150
10.0.10240.17976,42
10.0.10586.0,1641
10.0.10586.1007,263
10.0.10586.104,899
10.0.10586.1045,508
10.0.10586.105,1
10.0.10586.11,27
10.0.10586.1106,764
10.0.10586.112,2
10.0.10586.1176,8803
10.0.10586.122,437
10.0.10586.14,231
10.0.10586.164,1943
10.0.10586.17,90
10.0.10586.218,771
10.0.10586.240,1
10.0.10586.29,181
10.0.10586.3,50
10.0.10586.318,1870
10.0.10586.338,2
10.0.10586.36,466
10.0.10586.420,1180
10.0.10586.446,4
10.0.10586.494,1090
10.0.10586.499,25
10.0.10586.545,1328
10.0.10586.589,617
10.0.10586.63,187
10.0.10586.633,469
10.0.10586.679,355
10.0.10586.71,195
10.0.10586.713,197
10.0.10586.753,687
10.0.10586.79,1
10.0.10586.839,247
10.0.10586.873,191
10.0.10586.916,280
10.0.10586.962,239
10.0.14295.1005,1
10.0.14316.1000,1
10.0.14379.0,1
10.0.14393.0,3374
10.0.14393.10,11
10.0.14393.105,202
10.0.14393.1066,845
10.0.14393.1198,1406
10.0.14393.1358,1105
10.0.14393.1378,22
10.0.14393.1480,950
10.0.14393.1532,4
10.0.14393.1593,1490
10.0.14393.1715,911
10.0.14393.1770,1333
10.0.14393.187,618
10.0.14393.1884,965
10.0.14393.1914,350
10.0.14393.1944,1212
10.0.14393.2007,1477
10.0.14393.2035,67
10.0.14393.2068,970
10.0.14393.2097,21
10.0.14393.2125,614
10.0.14393.2155,35
10.0.14393.2156,1
10.0.14393.2189,12755
10.0.14393.2214,1916
10.0.14393.222,171
10.0.14393.223,24
10.0.14393.2248,87
10.0.14393.2273,36
10.0.14393.2312,18
10.0.14393.2339,10
10.0.14393.2363,53
10.0.14393.2368,29
10.0.14393.2395,31
10.0.14393.2430,83
10.0.14393.2457,17
10.0.14393.2485,39
10.0.14393.2515,6
10.0.14393.321,368
10.0.14393.351,651
10.0.14393.447,1495
10.0.14393.479,132
10.0.14393.5,528
10.0.14393.51,25
10.0.14393.576,592
10.0.14393.577,3
10.0.14393.594,1
10.0.14393.693,2662
10.0.14393.726,6
10.0.14393.82,94
10.0.14393.953,942
10.0.14393.969,38
10.0.14393.970,3
10.0.14915.1000,2
10.0.14986.1001,2
10.0.15063.0,3312
10.0.15063.1029,1526
10.0.15063.1058,60
10.0.15063.1088,4349
10.0.15063.11,1
10.0.15063.1112,191
10.0.15063.1154,7
10.0.15063.1155,2802
10.0.15063.1182,92
10.0.15063.1206,5870
10.0.15063.1209,249
10.0.15063.1235,265
10.0.15063.1266,6429
10.0.15063.1292,158
10.0.15063.13,57
10.0.15063.1324,1935
10.0.15063.1356,52
10.0.15063.138,150
10.0.15063.14,1
10.0.15063.250,831
10.0.15063.296,303
10.0.15063.330,22
10.0.15063.332,657
10.0.15063.413,494
10.0.15063.447,20
10.0.15063.483,1870
10.0.15063.502,138
10.0.15063.540,1250
10.0.15063.608,1628
10.0.15063.632,176
10.0.15063.674,2110
10.0.15063.726,2008
10.0.15063.729,168
10.0.15063.786,2100
10.0.15063.850,2089
10.0.15063.877,63
10.0.15063.909,1513
10.0.15063.936,32
10.0.15063.966,1127
10.0.15063.994,39
10.0.16193.1001,1
10.0.16281.1000,1
10.0.16291.0,1
10.0.16299.0,1
10.0.16299.125,7883
10.0.16299.15,3947
10.0.16299.19,119
10.0.16299.192,3488
10.0.16299.194,4
10.0.16299.201,1
10.0.16299.214,636
10.0.16299.248,2795
10.0.16299.251,347
10.0.16299.309,5224
10.0.16299.334,128
10.0.16299.371,12213
10.0.16299.402,204
10.0.16299.431,27313
10.0.16299.461,654
10.0.16299.492,7892
10.0.16299.522,322
10.0.16299.547,16182
10.0.16299.551,390
10.0.16299.579,693
10.0.16299.611,10500
10.0.16299.637,99
10.0.16299.64,396
10.0.16299.665,1724
10.0.16299.666,426
10.0.16299.696,18
10.0.16299.98,411
10.0.17083.1000,1
10.0.17115.1,1
10.0.17133.1,1
10.0.17133.73,2
10.0.17134.1,3934
10.0.17134.111,1
10.0.17134.112,14728
10.0.17134.137,2886
10.0.17134.165,19499
10.0.17134.167,1998
10.0.17134.191,5671
10.0.17134.228,34775
10.0.17134.254,2827
10.0.17134.285,11112
10.0.17134.286,3527
10.0.17134.319,369
10.0.17134.48,2062
10.0.17134.5,6
10.0.17134.81,1909
10.0.17134.83,2
10.0.17634.1000,1
10.0.17655.1000,1
10.0.17661.1001,4
10.0.17666.1000,1
10.0.17672.1000,1
10.0.17677.1000,3
10.0.17682.1000,2
10.0.17686.1003,6
10.0.17692.1000,4
10.0.17692.1004,41
10.0.17713.1002,3
10.0.17733.1000,7
10.0.17735.1000,13
10.0.17738.1000,35
10.0.17741.1000,6
10.0.17744.1001,9
10.0.17744.1003,9
10.0.17744.1004,14
10.0.17746.1000,11
10.0.17751.1,12
10.0.17754.1,11
10.0.17755.1,6
10.0.17758.1,20
10.0.17758.4,8
10.0.17760.1,3
10.0.17763.1,10
10.0.18234.1000,1
10.0.18237.1000,1
10.0.18242.1000,1