os_build,version,released_date,total_ vulnerabilities,dos,code_execution,overflow,memory_corruption,xss,bypass_something,gain_Information,gain_privileges
18242,1903,,,,,,,,,,
18237,1903,,,,,,,,,,
18234,1903,,,,,,,,,,
17763,1809,11/13/18,74,2,23,15,0,1,6,19,0
17760,1809,11/13/18,74,2,23,15,0,1,6,19,0
17758,1809,11/13/18,74,2,23,15,0,1,6,19,0
17755,1809,11/13/18,74,2,23,15,0,1,6,19,0
17754,1809,11/13/18,74,2,23,15,0,1,6,19,0
17751,1809,11/13/18,74,2,23,15,0,1,6,19,0
17746,1809,11/13/18,74,2,23,15,0,1,6,19,0
17744,1809,11/13/18,74,2,23,15,0,1,6,19,0
17741,1809,11/13/18,74,2,23,15,0,1,6,19,0
17738,1809,11/13/18,74,2,23,15,0,1,6,19,0
17735,1809,11/13/18,74,2,23,15,0,1,6,19,0
17733,1809,11/13/18,74,2,23,15,0,1,6,19,0
17713,1809,11/13/18,74,2,23,15,0,1,6,19,0
17692,1809,11/13/18,74,2,23,15,0,1,6,19,0
17686,1809,11/13/18,74,2,23,15,0,1,6,19,0
17682,1809,11/13/18,74,2,23,15,0,1,6,19,0
17677,1809,11/13/18,74,2,23,15,0,1,6,19,0
17672,1809,11/13/18,74,2,23,15,0,1,6,19,0
17666,1809,11/13/18,74,2,23,15,0,1,6,19,0
17661,1809,11/13/18,74,2,23,15,0,1,6,19,0
17655,1809,11/13/18,74,2,23,15,0,1,6,19,0
17634,1809,11/13/18,74,2,23,15,0,1,6,19,0
17134,1803,4/30/18,163,8,43,23,2,1,19,36,0
17133,1803,4/30/18,163,8,43,23,2,1,19,36,0
17115,1803,4/30/18,163,8,43,23,2,1,19,36,0
17083,1803,4/30/18,163,8,43,23,2,1,19,36,0
16299,1709,10/17/17,265,18,52,26,1,1,37,78,0
16291,1709,10/17/17,265,18,52,26,1,1,37,78,0
16281,1709,10/17/17,265,18,52,26,1,1,37,78,0
16193,1709,10/17/17,265,18,52,26,1,1,37,78,0
15063,1703,4/11/17,447,34,90,35,3,0,45,159,3
14986,1703,4/11/17,447,34,90,35,3,0,45,159,3
14915,1703,4/11/17,447,34,90,35,3,0,45,159,3
14393,1607,8/2/16,568,45,118,53,6,2,58,181,58
14379,1607,8/2/16,568,45,118,53,6,2,58,181,58
14316,1607,8/2/16,568,45,118,53,6,2,58,181,58
14295,1607,8/2/16,568,45,118,53,6,2,58,181,58
10586,1511,8/15/15,458,38,91,36,9,1,39,155,94
10240,1507,7/29/15,514,33,121,54,8,1,44,144,84